Campaign,Campaign Type,Campaign Status,Campaign Budget,Bid Strategy Type,Networks,Ad Group,Ad Group Type,Ad Group Status,Max CPC,Keyword,Match Type,Keyword Status,Headline 1,Headline 2,Headline 3,Headline 4,Headline 5,Headline 6,Headline 7,Headline 8,Headline 9,Headline 10,Headline 11,Headline 12,Headline 13,Headline 14,Headline 15,Description 1,Description 2,Description 3,Description 4,Final URL,Path 1,Path 2,Ad Type
4DE - CAD Konstruktion,Search,Enabled,10.00,Maximize Conversions,Google Search,,,,,,,,,,,,,,,,,,,,,,,,,,
4DE - CAD Konstruktion,,,,,,Konstruktionsbüro Allgemein,Standard,Enabled,5.00,,,,,,,,,,,,,,,,,,,,,,,,
4DE - CAD Konstruktion,,,,,,Konstruktionsbüro Allgemein,,,,"CAD Konstruktion Dienstleister",Broad,Enabled,,,,,,,,,,,,,,,,,,,,
4DE - CAD Konstruktion,,,,,,Konstruktionsbüro Allgemein,,,,"Konstruktionsbüro beauftragen",Broad,Enabled,,,,,,,,,,,,,,,,,,,,
4DE - CAD Konstruktion,,,,,,Konstruktionsbüro Allgemein,,,,"Konstruktionsdienstleistung",Broad,Enabled,,,,,,,,,,,,,,,,,,,,
4DE - CAD Konstruktion,,,,,,Konstruktionsbüro Allgemein,,,,"Konstruktion outsourcen",Broad,Enabled,,,,,,,,,,,,,,,,,,,,
4DE - CAD Konstruktion,,,,,,Konstruktionsbüro Allgemein,,,,"CAD Dienstleister Deutschland",Broad,Enabled,,,,,,,,,,,,,,,,,,,,
4DE - CAD Konstruktion,,,,,,Konstruktionsbüro Allgemein,,,,"externe Konstruktion Maschinenbau",Broad,Enabled,,,,,,,,,,,,,,,,,,,,
4DE - CAD Konstruktion,,,,,,Konstruktionsbüro Allgemein,,,,,,,"CAD-Konstruktion vom Profi","Ihr Konstruktionsbüro","Bundesweit für Sie da","Solid Edge & SolidWorks","Jetzt Projekt anfragen","Kostenlose Erstberatung","Schnell & zuverlässig","Erfahrene Konstrukteure","3D-Modelle nach Maß","Technische Zeichnungen","Maschinen- & Anlagenbau","Individuelle Lösungen","Von Idee zum Bauteil","NRW & bundesweit","Konstruktion auslagern","Professionelle CAD-Konstruktion mit Solid Edge, SolidWorks & Autodesk. Bundesweit für Maschinenbau & Anlagenbau.","Wöchentliche Updates ✓ Transparentes Projektmanagement ✓ Kostenlose Erstberatung ✓ Jetzt Projekt starten!","Ihr Partner für technische Konstruktion. Von der Idee bis zur Fertigungszeichnung – alles aus einer Hand.","Konstruktionskapazitäten flexibel erweitern. Erfahrene Ingenieure für Ihre Projekte. Anfrage in 2 Min.",https://4delements.vercel.app/#leistungen,konstruktion,cad,Responsive Search Ad
4DE - CAD Konstruktion,,,,,,SolidWorks & Solid Edge,Standard,Enabled,5.00,,,,,,,,,,,,,,,,,,,,,,,,
4DE - CAD Konstruktion,,,,,,SolidWorks & Solid Edge,,,,"SolidWorks Konstruktionsbüro",Broad,Enabled,,,,,,,,,,,,,,,,,,,,
4DE - CAD Konstruktion,,,,,,SolidWorks & Solid Edge,,,,"SolidWorks Dienstleister",Broad,Enabled,,,,,,,,,,,,,,,,,,,,
4DE - CAD Konstruktion,,,,,,SolidWorks & Solid Edge,,,,"Solid Edge Konstruktion Dienstleister",Broad,Enabled,,,,,,,,,,,,,,,,,,,,
4DE - CAD Konstruktion,,,,,,SolidWorks & Solid Edge,,,,"3D CAD Konstruktion beauftragen",Broad,Enabled,,,,,,,,,,,,,,,,,,,,
4DE - CAD Konstruktion,,,,,,SolidWorks & Solid Edge,,,,"CAD Zeichnung erstellen lassen",Broad,Enabled,,,,,,,,,,,,,,,,,,,,
4DE - CAD Konstruktion,,,,,,SolidWorks & Solid Edge,,,,"3D Modell erstellen lassen Maschinenbau",Broad,Enabled,,,,,,,,,,,,,,,,,,,,
4DE - CAD Konstruktion,,,,,,SolidWorks & Solid Edge,,,,,,,"SolidWorks Konstruktion","Zertifiziertes Konstruktionsbüro","Solid Edge & SolidWorks","3D-CAD vom Experten","Jetzt Projekt starten","Kostenlose Erstberatung","Professionelle 3D-Modelle","Autodesk & SolidWorks","CAD-Zeichnungen erstellen","Konstrukteur beauftragen","Technische 3D-Modelle","Ihr CAD-Partner","Bundesweit tätig","Erfahrene Ingenieure","Flexible Kapazitäten","SolidWorks & Solid Edge Experten – Professionelle 3D-Konstruktion für Maschinenbau und Produktentwicklung.","3D-Modelle, Baugruppen & Fertigungszeichnungen. Wöchentliche Updates ✓ Transparent ✓ Jetzt anfragen!","Zertifizierte CAD-Konstrukteure für Ihre Projekte. Von der Skizze zum 3D-Modell. Kostenlose Beratung.","Professionelle CAD-Dienstleistung mit SolidWorks, Solid Edge & Autodesk. Bundesweit verfügbar.",https://4delements.vercel.app/#leistungen,solidworks,konstruktion,Responsive Search Ad
4DE - CAD Konstruktion,,,,,,Maschinenbau Konstruktion,Standard,Enabled,5.00,,,,,,,,,,,,,,,,,,,,,,,,
4DE - CAD Konstruktion,,,,,,Maschinenbau Konstruktion,,,,"Maschinenbau Konstruktion Dienstleister",Broad,Enabled,,,,,,,,,,,,,,,,,,,,
4DE - CAD Konstruktion,,,,,,Maschinenbau Konstruktion,,,,"Anlagenbau Konstruktion",Broad,Enabled,,,,,,,,,,,,,,,,,,,,
4DE - CAD Konstruktion,,,,,,Maschinenbau Konstruktion,,,,"Sondermaschinenbau Konstruktion",Broad,Enabled,,,,,,,,,,,,,,,,,,,,
4DE - CAD Konstruktion,,,,,,Maschinenbau Konstruktion,,,,"Maschinenkonstruktion outsourcen",Broad,Enabled,,,,,,,,,,,,,,,,,,,,
4DE - CAD Konstruktion,,,,,,Maschinenbau Konstruktion,,,,"Engineering Dienstleister Maschinenbau",Broad,Enabled,,,,,,,,,,,,,,,,,,,,
4DE - CAD Konstruktion,,,,,,Maschinenbau Konstruktion,,,,,,,"Maschinenbau-Konstruktion","Anlagenbau & Maschinenbau","Sondermaschinenbau Profis","Konstruktion für Industrie","Bundesweit verfügbar","Jetzt Projekt anfragen","Kostenlose Erstberatung","Erfahrenes Ingenieurteam","Maßgeschneiderte Lösungen","Anlagen & Maschinen","Von Konzept bis Fertigung","Transparente Prozesse","Ihr Engineering-Partner","Konstruktion auslagern","Wöchentliche Updates","Maschinenbau-Konstruktion für Anlagenbau & Sondermaschinenbau. Erfahrene Ingenieure – bundesweit für Sie da.","Komplexe Projekte? Wir zerlegen sie in beherrschbare Einheiten. Wöchentliche Updates ✓ Jetzt anfragen!","Ihr Konstruktionsbüro für Maschinenbau. Von der Konzeptphase bis zur Fertigungsreife. Kostenlose Beratung.","Engineering-Dienstleister für Anlagenbau, Sondermaschinenbau & Vorrichtungskonstruktion. Jetzt starten!",https://4delements.vercel.app/#leistungen,maschinenbau,konstruktion,Responsive Search Ad
4DE - 3D Druck,Search,Enabled,8.00,Maximize Conversions,Google Search,,,,,,,,,,,,,,,,,,,,,,,,
4DE - 3D Druck,,,,,,3D Druck Service,Standard,Enabled,4.00,,,,,,,,,,,,,,,,,,,,,,,,
4DE - 3D Druck,,,,,,3D Druck Service,,,,"3D Druck Dienstleister",Broad,Enabled,,,,,,,,,,,,,,,,,,,,
4DE - 3D Druck,,,,,,3D Druck Service,,,,"3D Druck Service",Broad,Enabled,,,,,,,,,,,,,,,,,,,,
4DE - 3D Druck,,,,,,3D Druck Service,,,,"3D Druck Auftrag",Broad,Enabled,,,,,,,,,,,,,,,,,,,,
4DE - 3D Druck,,,,,,3D Druck Service,,,,"additive Fertigung Dienstleister",Broad,Enabled,,,,,,,,,,,,,,,,,,,,
4DE - 3D Druck,,,,,,3D Druck Service,,,,"3D Druck Industrieteile",Broad,Enabled,,,,,,,,,,,,,,,,,,,,
4DE - 3D Druck,,,,,,3D Druck Service,,,,,,,"3D-Druck vom Profi","Ihr 3D-Druck Partner","Schnell & präzise","Hauseigener 3D-Druck","Jetzt Auftrag starten","Kostenlose Erstberatung","Prototyp bis Kleinserie","Industriequalität","Materialoptimierung","Bundesweit verfügbar","Additive Fertigung","Funktionsteile drucken","Von CAD zum Bauteil","Kurze Lieferzeiten","Ihr 3D-Druck Experte","Professioneller 3D-Druck-Service – vom Prototyp bis zur Kleinserie. Hauseigene Fertigung, kurze Lieferzeiten.","Materialoptimierung & Strukturanalyse inklusive. Industriequalität aus Hemer – bundesweit geliefert.","3D-Druck für Industrie & Maschinenbau. Funktionsteile, Prototypen & Kleinserien. Jetzt Angebot anfordern!","Additive Fertigung vom Spezialisten. Konstruktion + 3D-Druck aus einer Hand. Kostenlose Beratung.",https://4delements.vercel.app/#leistungen,3d-druck,service,Responsive Search Ad
4DE - 3D Druck,,,,,,Prototyping,Standard,Enabled,4.00,,,,,,,,,,,,,,,,,,,,,,,,
4DE - 3D Druck,,,,,,Prototyping,,,,"Rapid Prototyping Dienstleister",Broad,Enabled,,,,,,,,,,,,,,,,,,,,
4DE - 3D Druck,,,,,,Prototyping,,,,"3D Druck Prototypen",Broad,Enabled,,,,,,,,,,,,,,,,,,,,
4DE - 3D Druck,,,,,,Prototyping,,,,"Prototypenbau Dienstleister",Broad,Enabled,,,,,,,,,,,,,,,,,,,,
4DE - 3D Druck,,,,,,Prototyping,,,,"Funktionsprototyp 3D Druck",Broad,Enabled,,,,,,,,,,,,,,,,,,,,
4DE - 3D Druck,,,,,,Prototyping,,,,"Prototyp drucken lassen",Broad,Enabled,,,,,,,,,,,,,,,,,,,,
4DE - 3D Druck,,,,,,Prototyping,,,,,,,"Rapid Prototyping","Prototypen in Tagen","Vom 3D-Modell zum Prototyp","Funktionsprototypen","Jetzt Prototyp anfragen","Schnelle Umsetzung","Kostenlose Erstberatung","Prototypenbau Experten","Hauseigene Fertigung","Industriequalität","Iterativ entwickeln","Kurze Durchlaufzeiten","Design-Validierung","Idee wird Realität","Bundesweit für Sie da","Rapid Prototyping – vom CAD-Modell zum fertigen Prototyp in wenigen Tagen. Hauseigener 3D-Druck.","Funktionsprototypen für Produktentwicklung & Maschinenbau. Konstruktion + Druck aus einer Hand.","Schneller Prototypenbau für Ihre Produktidee. Materialberatung inklusive. Jetzt unverbindlich anfragen!","Prototypen in Industriequalität. Iterative Entwicklung mit wöchentlichen Updates. Kostenlose Beratung.",https://4delements.vercel.app/#leistungen,prototyping,3d-druck,Responsive Search Ad
4DE - 3D Druck,,,,,,Kleinserien,Standard,Enabled,4.00,,,,,,,,,,,,,,,,,,,,,,,,
4DE - 3D Druck,,,,,,Kleinserien,,,,"3D Druck Kleinserie",Broad,Enabled,,,,,,,,,,,,,,,,,,,,
4DE - 3D Druck,,,,,,Kleinserien,,,,"Kleinserienfertigung 3D Druck",Broad,Enabled,,,,,,,,,,,,,,,,,,,,
4DE - 3D Druck,,,,,,Kleinserien,,,,"3D Druck on demand",Broad,Enabled,,,,,,,,,,,,,,,,,,,,
4DE - 3D Druck,,,,,,Kleinserien,,,,"Einzelteilfertigung 3D Druck",Broad,Enabled,,,,,,,,,,,,,,,,,,,,
4DE - 3D Druck,,,,,,Kleinserien,,,,,,,"3D-Druck Kleinserien","Flexible Stückzahlen","Vom Einzelteil zur Serie","On-Demand Fertigung","Jetzt Serie anfragen","Wirtschaftlich ab Stück 1","Kostenlose Beratung","Hauseigene Produktion","Schnelle Lieferung","Industriequalität","Ohne Werkzeugkosten","Additive Kleinserie","Bundesweit geliefert","Materialvielfalt","Ihr Serienpartner","3D-Druck Kleinserien – wirtschaftlich ab Stück 1. Keine Werkzeugkosten, flexible Stückzahlen.","On-Demand Fertigung für Industrie & Maschinenbau. Hauseigene Produktion – schnell & zuverlässig.","Kleinserien in Industriequalität. Konstruktion + Fertigung aus einer Hand. Jetzt Angebot anfordern!","Flexible Kleinserienfertigung per 3D-Druck. Materialoptimierung inklusive. Kostenlose Erstberatung.",https://4delements.vercel.app/#leistungen,kleinserie,3d-druck,Responsive Search Ad
4DE - Reverse Engineering,Search,Enabled,5.00,Maximize Conversions,Google Search,,,,,,,,,,,,,,,,,,,,,,,,
4DE - Reverse Engineering,,,,,,Reverse Engineering,Standard,Enabled,4.00,,,,,,,,,,,,,,,,,,,,,,,,
4DE - Reverse Engineering,,,,,,Reverse Engineering,,,,"Reverse Engineering Dienstleister",Broad,Enabled,,,,,,,,,,,,,,,,,,,,
4DE - Reverse Engineering,,,,,,Reverse Engineering,,,,"Reverse Engineering Service",Broad,Enabled,,,,,,,,,,,,,,,,,,,,
4DE - Reverse Engineering,,,,,,Reverse Engineering,,,,"3D Scan Reverse Engineering",Broad,Enabled,,,,,,,,,,,,,,,,,,,,
4DE - Reverse Engineering,,,,,,Reverse Engineering,,,,"Bauteil digitalisieren",Broad,Enabled,,,,,,,,,,,,,,,,,,,,
4DE - Reverse Engineering,,,,,,Reverse Engineering,,,,"Bauteil nachkonstruieren",Broad,Enabled,,,,,,,,,,,,,,,,,,,,
4DE - Reverse Engineering,,,,,,Reverse Engineering,,,,"Ersatzteil Reverse Engineering",Broad,Enabled,,,,,,,,,,,,,,,,,,,,
4DE - Reverse Engineering,,,,,,Reverse Engineering,,,,"Flächenrückführung Dienstleister",Broad,Enabled,,,,,,,,,,,,,,,,,,,,
4DE - Reverse Engineering,,,,,,Reverse Engineering,,,,"altes Bauteil digitalisieren lassen",Broad,Enabled,,,,,,,,,,,,,,,,,,,,
4DE - Reverse Engineering,,,,,,Reverse Engineering,,,,,,,"Reverse Engineering Profis","Bauteil nachkonstruieren","3D-Scan & Digitalisierung","Ersatzteile rekonstruieren","Jetzt anfragen","Kostenlose Erstberatung","Ohne Zeichnung zum Bauteil","Vermessung & Analyse","CAD-Daten erstellen","Bundesweit verfügbar","Flächenrückführung","Teile reproduzieren","Ihr RE-Spezialist","Präzise Rekonstruktion","Schnelle Umsetzung","Reverse Engineering – vom Bauteil zum CAD-Modell. Wir digitalisieren, vermessen und rekonstruieren Ihre Teile.","Kein Bauteil ohne Zeichnung? Kein Problem! Wir erstellen CAD-Daten aus bestehenden Teilen. Jetzt anfragen!","Professionelles Reverse Engineering für Ersatzteile & Nachbauten. 3D-Scan, Vermessung, CAD-Rekonstruktion.","Bauteil-Digitalisierung & Flächenrückführung vom Spezialisten. Bundesweit – kostenlose Erstberatung.",https://4delements.vercel.app/#leistungen,reverse,engineering,Responsive Search Ad
4DE - Technische Doku,Search,Enabled,3.00,Maximize Conversions,Google Search,,,,,,,,,,,,,,,,,,,,,,,,
4DE - Technische Doku,,,,,,Technische Dokumentation,Standard,Enabled,4.00,,,,,,,,,,,,,,,,,,,,,,,,
4DE - Technische Doku,,,,,,Technische Dokumentation,,,,"Technische Dokumentation Dienstleister",Broad,Enabled,,,,,,,,,,,,,,,,,,,,
4DE - Technische Doku,,,,,,Technische Dokumentation,,,,"Technische Dokumentation erstellen lassen",Broad,Enabled,,,,,,,,,,,,,,,,,,,,
4DE - Technische Doku,,,,,,Technische Dokumentation,,,,"Betriebsanleitung erstellen",Broad,Enabled,,,,,,,,,,,,,,,,,,,,
4DE - Technische Doku,,,,,,Technische Dokumentation,,,,"Bedienungsanleitung erstellen lassen",Broad,Enabled,,,,,,,,,,,,,,,,,,,,
4DE - Technische Doku,,,,,,Technische Dokumentation,,,,"CE Dokumentation erstellen",Broad,Enabled,,,,,,,,,,,,,,,,,,,,
4DE - Technische Doku,,,,,,Technische Dokumentation,,,,"Wartungsanleitung erstellen lassen",Broad,Enabled,,,,,,,,,,,,,,,,,,,,
4DE - Technische Doku,,,,,,Technische Dokumentation,,,,,,,"Technische Dokumentation","Betriebsanleitungen vom Profi","Normgerechte Dokumentation","CE-konforme Unterlagen","Jetzt Doku anfragen","Kostenlose Erstberatung","Fertigungszeichnungen","Wartungsunterlagen","Montageanleitungen","Bundesweit verfügbar","Stücklisten erstellen","Professionelle Doku","Ihr Doku-Partner","Maschinenrichtlinie","Schnelle Bearbeitung","Technische Dokumentation vom Profi – Betriebsanleitungen, Fertigungszeichnungen & CE-Dokumentation.","Normgerechte Dokumentation für Maschinenbau & Anlagenbau. Wöchentliche Updates ✓ Jetzt anfragen!","Betriebsanleitungen, Wartungsunterlagen & Stücklisten erstellen lassen. Bundesweit – kostenlose Beratung.","CE-konforme technische Dokumentation. Erfahrene Ingenieure für Ihre Fertigungs- & Wartungsunterlagen.",https://4delements.vercel.app/#leistungen,dokumentation,technisch,Responsive Search Ad
4DE - Produktentwicklung,Search,Enabled,5.00,Maximize Conversions,Google Search,,,,,,,,,,,,,,,,,,,,,,,,
4DE - Produktentwicklung,,,,,,Produktentwicklung,Standard,Enabled,4.00,,,,,,,,,,,,,,,,,,,,,,,,
4DE - Produktentwicklung,,,,,,Produktentwicklung,,,,"Produktentwicklung Dienstleister",Broad,Enabled,,,,,,,,,,,,,,,,,,,,
4DE - Produktentwicklung,,,,,,Produktentwicklung,,,,"Produktentwicklung outsourcen",Broad,Enabled,,,,,,,,,,,,,,,,,,,,
4DE - Produktentwicklung,,,,,,Produktentwicklung,,,,"Produktkonstruktion beauftragen",Broad,Enabled,,,,,,,,,,,,,,,,,,,,
4DE - Produktentwicklung,,,,,,Produktentwicklung,,,,"Produkt konstruieren lassen",Broad,Enabled,,,,,,,,,,,,,,,,,,,,
4DE - Produktentwicklung,,,,,,Produktentwicklung,,,,"Prototypenentwicklung Dienstleister",Broad,Enabled,,,,,,,,,,,,,,,,,,,,
4DE - Produktentwicklung,,,,,,Produktentwicklung,,,,"Produktdesign Engineering",Broad,Enabled,,,,,,,,,,,,,,,,,,,,
4DE - Produktentwicklung,,,,,,Produktentwicklung,,,,,,,"Produktentwicklung Profis","Von Idee bis Serie","Produkt konstruieren lassen","Design-to-Function","Jetzt Projekt starten","Kostenlose Erstberatung","Produktoptimierung","Engineering-Partner","Serienreife Entwicklung","Bundesweit verfügbar","Innovative Produkte","Ihr Entwicklungspartner","Gehäusekonstruktion","Kunststoff & Metall","Machbarkeitsstudie","Produktentwicklung von der Idee bis zur Serienreife. Engineering, Konstruktion & Prototyping aus einer Hand.","Produkt konstruieren lassen? Erfahrene Ingenieure optimieren Ihr Design für Fertigung & Markt. Jetzt anfragen!","Professionelle Produktkonstruktion & Design-to-Function Optimierung. Wöchentliche Updates ✓ Transparent ✓","Ihr Partner für Produktentwicklung. Machbarkeitsstudie bis Serienreife. Bundesweit – kostenlose Beratung.",https://4delements.vercel.app/#leistungen,produkt,entwicklung,Responsive Search Ad
4DE - Brand,Search,Enabled,2.00,Maximize Conversions,Google Search,,,,,,,,,,,,,,,,,,,,,,,,
4DE - Brand,,,,,,Brand Keywords,Standard,Enabled,2.00,,,,,,,,,,,,,,,,,,,,,,,,
4DE - Brand,,,,,,Brand Keywords,,,,"4D Elements",Exact,Enabled,,,,,,,,,,,,,,,,,,,,
4DE - Brand,,,,,,Brand Keywords,,,,"4D Elements UG",Exact,Enabled,,,,,,,,,,,,,,,,,,,,
4DE - Brand,,,,,,Brand Keywords,,,,"4D Elements Hemer",Exact,Enabled,,,,,,,,,,,,,,,,,,,,
4DE - Brand,,,,,,Brand Keywords,,,,"4delements.de",Exact,Enabled,,,,,,,,,,,,,,,,,,,,
4DE - Brand,,,,,,Brand Keywords,,,,,,,"4D Elements","Konstruktion & 3D-Druck","Offizielle Website","Ihr Partner aus Hemer","Jetzt Projekt anfragen","Kostenlose Erstberatung","CAD & 3D-Druck Profis","Bundesweit tätig","Reverse Engineering","Technische Dokumentation","Anlagenbau Konstruktion","Erfahrene Ingenieure","Seit 2023 für Sie da","Hemer / NRW","Innovative Lösungen","4D Elements UG – Ihr Partner für CAD-Konstruktion, 3D-Druck & Reverse Engineering. Bundesweit aus Hemer.","Konstruktion, Prototyping & technische Dokumentation aus einer Hand. Jetzt kostenlose Erstberatung sichern!","Offizielle Website von 4D Elements. Professionelles Engineering für Maschinenbau & Anlagenbau.","Von der Idee zum Bauteil. 4D Elements – Ihr Konstruktionsbüro für Maschinenbau & 3D-Druck.",https://4delements.vercel.app/,4delements,,Responsive Search Ad
